[
  {
    "model": "home.category",
    "pk": 1,
    "fields": {
      "order": 1,
      "bootstrap_icon": "bi bi-book",
      "created_at": "2025-06-18T03:15:01.740Z",
      "updated_at": "2025-06-18T03:15:07.636Z",
      "image": "",
      "name": "Assessment Books",
      "description": "Essential guides for evaluating student progress.",
      "is_active": true
    }
  },
  {
    "model": "home.category",
    "pk": 2,
    "fields": {
      "order": 1,
      "bootstrap_icon": "bi bi-receipt",
      "created_at": "2025-06-18T03:15:32.825Z",
      "updated_at": "2025-06-18T03:15:32.825Z",
      "image": "",
      "name": "Branded Receipt Books",
      "description": "Custom receipt books for organized transactions.",
      "is_active": true
    }
  },
  {
    "model": "home.category",
    "pk": 3,
    "fields": {
      "order": 1,
      "bootstrap_icon": "bi bi-file",
      "created_at": "2025-06-18T03:15:55.363Z",
      "updated_at": "2025-06-18T03:15:55.363Z",
      "image": "",
      "name": "CBC Schemes",
      "description": "Competency-Based Curriculum planning resources.",
      "is_active": true
    }
  },
  {
    "model": "home.category",
    "pk": 4,
    "fields": {
      "order": 1,
      "bootstrap_icon": "bi bi-pencil",
      "created_at": "2025-06-18T03:16:19.804Z",
      "updated_at": "2025-06-18T03:16:19.804Z",
      "image": "",
      "name": "Dustless Chalk",
      "description": "Smooth, dust-free chalk for clean writing.",
      "is_active": true
    }
  },
  {
    "model": "home.category",
    "pk": 5,
    "fields": {
      "order": 1,
      "bootstrap_icon": "bi bi-house",
      "created_at": "2025-06-18T03:16:38.283Z",
      "updated_at": "2025-06-18T03:16:38.283Z",
      "image": "",
      "name": "Holiday Homework",
      "description": "Learning activities for school breaks.",
      "is_active": true
    }
  },
  {
    "model": "home.category",
    "pk": 6,
    "fields": {
      "order": 1,
      "bootstrap_icon": "bi bi-journal-text",
      "created_at": "2025-06-18T03:16:57.148Z",
      "updated_at": "2025-06-18T03:16:57.148Z",
      "image": "",
      "name": "Lesson plans",
      "description": "Structured teaching guides for educators.",
      "is_active": true
    }
  },
  {
    "model": "home.category",
    "pk": 7,
    "fields": {
      "order": 1,
      "bootstrap_icon": "bi bi-mortarboard",
      "created_at": "2025-06-18T03:17:19.239Z",
      "updated_at": "2025-06-18T03:17:19.239Z",
      "image": "",
      "name": "PP2 Graduation",
      "description": "Celebrating the transition.",
      "is_active": true
    }
  },
  {
    "model": "home.category",
    "pk": 8,
    "fields": {
      "order": 1,
      "bootstrap_icon": "bi bi-clipboard-check",
      "created_at": "2025-06-18T03:17:40.131Z",
      "updated_at": "2025-06-18T03:17:40.131Z",
      "image": "",
      "name": "Primary Schools Exams",
      "description": "Standardized tests for academic assessment.",
      "is_active": true
    }
  },
  {
    "model": "home.category",
    "pk": 9,
    "fields": {
      "order": 1,
      "bootstrap_icon": "bi bi-calendar",
      "created_at": "2025-06-18T03:18:03.596Z",
      "updated_at": "2025-06-18T03:18:03.596Z",
      "image": "",
      "name": "School Diaries",
      "description": "Daily planners for students and teachers.",
      "is_active": true
    }
  },
  {
    "model": "home.category",
    "pk": 10,
    "fields": {
      "order": 1,
      "bootstrap_icon": "bi bi-person-lines-fill",
      "created_at": "2025-06-18T03:18:24.748Z",
      "updated_at": "2025-06-18T03:18:24.748Z",
      "image": "",
      "name": "School Uniforms",
      "description": "Essential guides for evaluating student progress.",
      "is_active": true
    }
  },
  {
    "model": "home.item",
    "pk": 1,
    "fields": {
      "order": 1,
      "bootstrap_icon": "bi bi-book-fill",
      "created_at": "2025-06-18T03:20:00Z",
      "updated_at": "2025-06-18T03:20:00Z",
      "category": 1,
      "name": "Grade 1 Mathematics Assessment Book",
      "main_image": "",
      "description": "Comprehensive mathematics assessment book for Grade 1 students with exercises and evaluation rubrics.",
      "quantity": 150,
      "reserved_quantity": 5,
      "low_stock_threshold": 20,
      "min_order_quantity": 1,
      "max_order_quantity": 50,
      "is_active": true,
      "is_featured": true,
      "original_price": "850.00",
      "discount": "50.00"
    }
  },
  {
    "model": "home.item",
    "pk": 2,
    "fields": {
      "order": 2,
      "bootstrap_icon": "bi bi-calculator",
      "created_at": "2025-06-18T03:20:00Z",
      "updated_at": "2025-06-18T03:20:00Z",
      "category": 1,
      "name": "Grade 4 Science Assessment Guide",
      "main_image": "",
      "description": "Interactive science assessment guide with practical experiments and evaluation criteria.",
      "quantity": 80,
      "reserved_quantity": 3,
      "low_stock_threshold": 15,
      "min_order_quantity": 1,
      "max_order_quantity": 30,
      "is_active": true,
      "is_featured": false,
      "original_price": "1200.00",
      "discount": "0.00"
    }
  },
  {
    "model": "home.item",
    "pk": 3,
    "fields": {
      "order": 1,
      "bootstrap_icon": "bi bi-receipt-cutoff",
      "created_at": "2025-06-18T03:20:00Z",
      "updated_at": "2025-06-18T03:20:00Z",
      "category": 2,
      "name": "School Fee Receipt Book - Blue",
      "main_image": "",
      "description": "Professional school fee receipt book with carbon copies and school branding space.",
      "quantity": 200,
      "reserved_quantity": 15,
      "low_stock_threshold": 25,
      "min_order_quantity": 5,
      "max_order_quantity": 100,
      "is_active": true,
      "is_featured": true,
      "original_price": "450.00",
      "discount": "25.00"
    }
  },
  {
    "model": "home.item",
    "pk": 4,
    "fields": {
      "order": 2,
      "bootstrap_icon": "bi bi-journal-bookmark",
      "created_at": "2025-06-18T03:20:00Z",
      "updated_at": "2025-06-18T03:20:00Z",
      "category": 2,
      "name": "Payment Voucher Book - Green",
      "main_image": "",
      "description": "Multi-purpose payment voucher book suitable for school transactions and record keeping.",
      "quantity": 120,
      "reserved_quantity": 8,
      "low_stock_threshold": 20,
      "min_order_quantity": 3,
      "max_order_quantity": 75,
      "is_active": true,
      "is_featured": false,
      "original_price": "380.00",
      "discount": "0.00"
    }
  },
  {
    "model": "home.item",
    "pk": 5,
    "fields": {
      "order": 1,
      "bootstrap_icon": "bi bi-file-earmark-text",
      "created_at": "2025-06-18T03:20:00Z",
      "updated_at": "2025-06-18T03:20:00Z",
      "category": 3,
      "name": "CBC Mathematics Scheme - Grade 1-3",
      "main_image": "",
      "description": "Complete CBC mathematics scheme for lower primary covering all learning areas and outcomes.",
      "quantity": 95,
      "reserved_quantity": 12,
      "low_stock_threshold": 15,
      "min_order_quantity": 1,
      "max_order_quantity": 20,
      "is_active": true,
      "is_featured": true,
      "original_price": "2500.00",
      "discount": "200.00"
    }
  },
  {
    "model": "home.item",
    "pk": 6,
    "fields": {
      "order": 2,
      "bootstrap_icon": "bi bi-globe",
      "created_at": "2025-06-18T03:20:00Z",
      "updated_at": "2025-06-18T03:20:00Z",
      "category": 3,
      "name": "CBC Social Studies Scheme - Grade 4-6",
      "main_image": "",
      "description": "Comprehensive social studies scheme aligned with CBC curriculum for upper primary.",
      "quantity": 65,
      "reserved_quantity": 7,
      "low_stock_threshold": 10,
      "min_order_quantity": 1,
      "max_order_quantity": 15,
      "is_active": true,
      "is_featured": false,
      "original_price": "2800.00",
      "discount": "150.00"
    }
  },
  {
    "model": "home.item",
    "pk": 7,
    "fields": {
      "order": 1,
      "bootstrap_icon": "bi bi-brush",
      "created_at": "2025-06-18T03:20:00Z",
      "updated_at": "2025-06-18T03:20:00Z",
      "category": 4,
      "name": "White Dustless Chalk - Box of 100",
      "main_image": "",
      "description": "Premium quality white dustless chalk, smooth writing, minimal residue. Perfect for classroom use.",
      "quantity": 500,
      "reserved_quantity": 45,
      "low_stock_threshold": 50,
      "min_order_quantity": 10,
      "max_order_quantity": 200,
      "is_active": true,
      "is_featured": false,
      "original_price": "180.00",
      "discount": "0.00"
    }
  },
  {
    "model": "home.item",
    "pk": 8,
    "fields": {
      "order": 2,
      "bootstrap_icon": "bi bi-palette",
      "created_at": "2025-06-18T03:20:00Z",
      "updated_at": "2025-06-18T03:20:00Z",
      "category": 4,
      "name": "Colored Dustless Chalk Set",
      "main_image": "",
      "description": "Vibrant colored dustless chalk set with 6 colors. Great for visual learning and presentations.",
      "quantity": 300,
      "reserved_quantity": 20,
      "low_stock_threshold": 40,
      "min_order_quantity": 5,
      "max_order_quantity": 150,
      "is_active": true,
      "is_featured": true,
      "original_price": "320.00",
      "discount": "30.00"
    }
  },
  {
    "model": "home.item",
    "pk": 9,
    "fields": {
      "order": 1,
      "bootstrap_icon": "bi bi-sun",
      "created_at": "2025-06-18T03:20:00Z",
      "updated_at": "2025-06-18T03:20:00Z",
      "category": 5,
      "name": "December Holiday Math Workbook",
      "main_image": "",
      "description": "Engaging mathematics holiday homework workbook to keep students sharp during December break.",
      "quantity": 180,
      "reserved_quantity": 25,
      "low_stock_threshold": 30,
      "min_order_quantity": 1,
      "max_order_quantity": 100,
      "is_active": true,
      "is_featured": true,
      "original_price": "650.00",
      "discount": "75.00"
    }
  },
  {
    "model": "home.item",
    "pk": 10,
    "fields": {
      "order": 2,
      "bootstrap_icon": "bi bi-book-half",
      "created_at": "2025-06-18T03:20:00Z",
      "updated_at": "2025-06-18T03:20:00Z",
      "category": 5,
      "name": "April Holiday Activity Pack",
      "main_image": "",
      "description": "Multi-subject activity pack for April holidays including puzzles, reading, and creative tasks.",
      "quantity": 0,
      "reserved_quantity": 0,
      "low_stock_threshold": 25,
      "min_order_quantity": 1,
      "max_order_quantity": 80,
      "is_active": true,
      "is_featured": false,
      "original_price": "520.00",
      "discount": "0.00"
    }
  },
  {
    "model": "home.item",
    "pk": 11,
    "fields": {
      "order": 1,
      "bootstrap_icon": "bi bi-clipboard",
      "created_at": "2025-06-18T03:20:00Z",
      "updated_at": "2025-06-18T03:20:00Z",
      "category": 6,
      "name": "Weekly Lesson Plan Template Book",
      "main_image": "",
      "description": "Structured weekly lesson plan template book with CBC alignment and assessment sections.",
      "quantity": 75,
      "reserved_quantity": 5,
      "low_stock_threshold": 15,
      "min_order_quantity": 1,
      "max_order_quantity": 25,
      "is_active": true,
      "is_featured": false,
      "original_price": "890.00",
      "discount": "40.00"
    }
  },
  {
    "model": "home.item",
    "pk": 12,
    "fields": {
      "order": 2,
      "bootstrap_icon": "bi bi-calendar-week",
      "created_at": "2025-06-18T03:20:00Z",
      "updated_at": "2025-06-18T03:20:00Z",
      "category": 6,
      "name": "Termly Lesson Plan Portfolio",
      "main_image": "",
      "description": "Comprehensive termly lesson plan portfolio with evaluation rubrics and progress tracking.",
      "quantity": 45,
      "reserved_quantity": 8,
      "low_stock_threshold": 10,
      "min_order_quantity": 1,
      "max_order_quantity": 15,
      "is_active": true,
      "is_featured": true,
      "original_price": "1450.00",
      "discount": "100.00"
    }
  },
  {
    "model": "home.item",
    "pk": 13,
    "fields": {
      "order": 1,
      "bootstrap_icon": "bi bi-award",
      "created_at": "2025-06-18T03:20:00Z",
      "updated_at": "2025-06-18T03:20:00Z",
      "category": 7,
      "name": "PP2 Graduation Certificate Template",
      "main_image": "",
      "description": "Beautiful PP2 graduation certificate template with customizable school details and student names.",
      "quantity": 250,
      "reserved_quantity": 30,
      "low_stock_threshold": 40,
      "min_order_quantity": 10,
      "max_order_quantity": 200,
      "is_active": true,
      "is_featured": true,
      "original_price": "25.00",
      "discount": "5.00"
    }
  },
  {
    "model": "home.item",
    "pk": 14,
    "fields": {
      "order": 2,
      "bootstrap_icon": "bi bi-gift",
      "created_at": "2025-06-18T03:20:00Z",
      "updated_at": "2025-06-18T03:20:00Z",
      "category": 7,
      "name": "PP2 Graduation Package Deal",
      "main_image": "",
      "description": "Complete graduation package including certificates, caps, and memory book templates.",
      "quantity": 20,
      "reserved_quantity": 3,
      "low_stock_threshold": 5,
      "min_order_quantity": 1,
      "max_order_quantity": 10,
      "is_active": true,
      "is_featured": false,
      "original_price": "3500.00",
      "discount": "500.00"
    }
  },
  {
    "model": "home.item",
    "pk": 15,
    "fields": {
      "order": 1,
      "bootstrap_icon": "bi bi-file-text",
      "created_at": "2025-06-18T03:20:00Z",
      "updated_at": "2025-06-18T03:20:00Z",
      "category": 8,
      "name": "Grade 3 End of Term Exam Papers",
      "main_image": "",
      "description": "Comprehensive Grade 3 end of term examination papers covering all subjects with marking schemes.",
      "quantity": 100,
      "reserved_quantity": 15,
      "low_stock_threshold": 20,
      "min_order_quantity": 1,
      "max_order_quantity": 50,
      "is_active": true,
      "is_featured": false,
      "original_price": "750.00",
      "discount": "50.00"
    }
  },
  {
    "model": "home.item",
    "pk": 16,
    "fields": {
      "order": 2,
      "bootstrap_icon": "bi bi-check-circle",
      "created_at": "2025-06-18T03:20:00Z",
      "updated_at": "2025-06-18T03:20:00Z",
      "category": 8,
      "name": "KCPE Mock Examination Set",
      "main_image": "",
      "description": "Complete KCPE mock examination set with all subjects, answer sheets, and detailed marking guides.",
      "quantity": 60,
      "reserved_quantity": 12,
      "low_stock_threshold": 15,
      "min_order_quantity": 1,
      "max_order_quantity": 25,
      "is_active": true,
      "is_featured": true,
      "original_price": "1850.00",
      "discount": "150.00"
    }
  },
  {
    "model": "home.item",
    "pk": 17,
    "fields": {
      "order": 1,
      "bootstrap_icon": "bi bi-journal",
      "created_at": "2025-06-18T03:20:00Z",
      "updated_at": "2025-06-18T03:20:00Z",
      "category": 9,
      "name": "Student School Diary 2025",
      "main_image": "",
      "description": "2025 student school diary with timetable, calendar, and academic planning sections.",
      "quantity": 400,
      "reserved_quantity": 60,
      "low_stock_threshold": 80,
      "min_order_quantity": 5,
      "max_order_quantity": 300,
      "is_active": true,
      "is_featured": true,
      "original_price": "280.00",
      "discount": "20.00"
    }
  },
  {
    "model": "home.item",
    "pk": 18,
    "fields": {
      "order": 2,
      "bootstrap_icon": "bi bi-person-workspace",
      "created_at": "2025-06-18T03:20:00Z",
      "updated_at": "2025-06-18T03:20:00Z",
      "category": 9,
      "name": "Teacher's Planner Diary 2025",
      "main_image": "",
      "description": "Professional teacher's planner diary with lesson planning, attendance, and assessment tracking.",
      "quantity": 85,
      "reserved_quantity": 8,
      "low_stock_threshold": 15,
      "min_order_quantity": 1,
      "max_order_quantity": 30,
      "is_active": true,
      "is_featured": false,
      "original_price": "450.00",
      "discount": "0.00"
    }
  },
  {
    "model": "home.item",
    "pk": 19,
    "fields": {
      "order": 1,
      "bootstrap_icon": "bi bi-person-badge",
      "created_at": "2025-06-18T03:20:00Z",
      "updated_at": "2025-06-18T03:20:00Z",
      "category": 10,
      "name": "Primary School Uniform - Blue Shirt",
      "main_image": "",
      "description": "High-quality primary school uniform blue shirt, various sizes available. Durable cotton blend.",
      "quantity": 200,
      "reserved_quantity": 25,
      "low_stock_threshold": 40,
      "min_order_quantity": 1,
      "max_order_quantity": 100,
      "is_active": true,
      "is_featured": false,
      "original_price": "650.00",
      "discount": "50.00"
    }
  },
  {
    "model": "home.item",
    "pk": 20,
    "fields": {
      "order": 2,
      "bootstrap_icon": "bi bi-person-check",
      "created_at": "2025-06-18T03:20:00Z",
      "updated_at": "2025-06-18T03:20:00Z",
      "category": 10,
      "name": "School Uniform Complete Set",
      "main_image": "",
      "description": "Complete school uniform set including shirt, shorts/skirt, socks, and tie. Multiple sizes available.",
      "quantity": 50,
      "reserved_quantity": 8,
      "low_stock_threshold": 10,
      "min_order_quantity": 1,
      "max_order_quantity": 25,
      "is_active": true,
      "is_featured": true,
      "original_price": "2200.00",
      "discount": "200.00"
    }
  },
  {
    "model": "home.itemimage",
    "pk": 1,
    "fields": {
      "created_at": "2025-06-18T03:20:00Z",
      "updated_at": "2025-06-18T03:20:00Z",
      "item": 1,
      "image": "portfolio/items/other_images/test-image.jpg",
      "alt_text": "Image 1 for item 1",
      "is_active": true
    }
  },
  {
    "model": "home.itemimage",
    "pk": 2,
    "fields": {
      "created_at": "2025-06-18T03:20:00Z",
      "updated_at": "2025-06-18T03:20:00Z",
      "item": 1,
      "image": "portfolio/items/other_images/test-image.jpg",
      "alt_text": "Image 2 for item 1",
      "is_active": true
    }
  },
  {
    "model": "home.itemimage",
    "pk": 3,
    "fields": {
      "created_at": "2025-06-18T03:20:00Z",
      "updated_at": "2025-06-18T03:20:00Z",
      "item": 2,
      "image": "portfolio/items/other_images/test-image.jpg",
      "alt_text": "Image 1 for item 2",
      "is_active": true
    }
  },
  {
    "model": "home.itemimage",
    "pk": 4,
    "fields": {
      "created_at": "2025-06-18T03:20:00Z",
      "updated_at": "2025-06-18T03:20:00Z",
      "item": 2,
      "image": "portfolio/items/other_images/test-image.jpg",
      "alt_text": "Image 2 for item 2",
      "is_active": true
    }
  },
  {
    "model": "home.itemimage",
    "pk": 5,
    "fields": {
      "created_at": "2025-06-18T03:20:00Z",
      "updated_at": "2025-06-18T03:20:00Z",
      "item": 3,
      "image": "portfolio/items/other_images/test-image.jpg",
      "alt_text": "Image 1 for item 3",
      "is_active": true
    }
  },
  {
    "model": "home.itemimage",
    "pk": 6,
    "fields": {
      "created_at": "2025-06-18T03:20:00Z",
      "updated_at": "2025-06-18T03:20:00Z",
      "item": 3,
      "image": "portfolio/items/other_images/test-image.jpg",
      "alt_text": "Image 2 for item 3",
      "is_active": true
    }
  },
  {
    "model": "home.itemimage",
    "pk": 7,
    "fields": {
      "created_at": "2025-06-18T03:20:00Z",
      "updated_at": "2025-06-18T03:20:00Z",
      "item": 4,
      "image": "portfolio/items/other_images/test-image.jpg",
      "alt_text": "Image 1 for item 4",
      "is_active": true
    }
  },
  {
    "model": "home.itemimage",
    "pk": 8,
    "fields": {
      "created_at": "2025-06-18T03:20:00Z",
      "updated_at": "2025-06-18T03:20:00Z",
      "item": 4,
      "image": "portfolio/items/other_images/test-image.jpg",
      "alt_text": "Image 2 for item 4",
      "is_active": true
    }
  },
  {
    "model": "home.itemimage",
    "pk": 9,
    "fields": {
      "created_at": "2025-06-18T03:20:00Z",
      "updated_at": "2025-06-18T03:20:00Z",
      "item": 5,
      "image": "portfolio/items/other_images/test-image.jpg",
      "alt_text": "Image 1 for item 5",
      "is_active": true
    }
  },
  {
    "model": "home.itemimage",
    "pk": 10,
    "fields": {
      "created_at": "2025-06-18T03:20:00Z",
      "updated_at": "2025-06-18T03:20:00Z",
      "item": 5,
      "image": "portfolio/items/other_images/test-image.jpg",
      "alt_text": "Image 2 for item 5",
      "is_active": true
    }
  },
  {
    "model": "home.itemimage",
    "pk": 11,
    "fields": {
      "created_at": "2025-06-18T03:20:00Z",
      "updated_at": "2025-06-18T03:20:00Z",
      "item": 6,
      "image": "portfolio/items/other_images/test-image.jpg",
      "alt_text": "Image 1 for item 6",
      "is_active": true
    }
  },
  {
    "model": "home.itemimage",
    "pk": 12,
    "fields": {
      "created_at": "2025-06-18T03:20:00Z",
      "updated_at": "2025-06-18T03:20:00Z",
      "item": 6,
      "image": "portfolio/items/other_images/test-image.jpg",
      "alt_text": "Image 2 for item 6",
      "is_active": true
    }
  },
  {
    "model": "home.itemimage",
    "pk": 13,
    "fields": {
      "created_at": "2025-06-18T03:20:00Z",
      "updated_at": "2025-06-18T03:20:00Z",
      "item": 7,
      "image": "portfolio/items/other_images/test-image.jpg",
      "alt_text": "Image 1 for item 7",
      "is_active": true
    }
  },
  {
    "model": "home.itemimage",
    "pk": 14,
    "fields": {
      "created_at": "2025-06-18T03:20:00Z",
      "updated_at": "2025-06-18T03:20:00Z",
      "item": 7,
      "image": "portfolio/items/other_images/test-image.jpg",
      "alt_text": "Image 2 for item 7",
      "is_active": true
    }
  },
  {
    "model": "home.itemimage",
    "pk": 15,
    "fields": {
      "created_at": "2025-06-18T03:20:00Z",
      "updated_at": "2025-06-18T03:20:00Z",
      "item": 8,
      "image": "portfolio/items/other_images/test-image.jpg",
      "alt_text": "Image 1 for item 8",
      "is_active": true
    }
  },
  {
    "model": "home.itemimage",
    "pk": 16,
    "fields": {
      "created_at": "2025-06-18T03:20:00Z",
      "updated_at": "2025-06-18T03:20:00Z",
      "item": 8,
      "image": "portfolio/items/other_images/test-image.jpg",
      "alt_text": "Image 2 for item 8",
      "is_active": true
    }
  },
  {
    "model": "home.itemimage",
    "pk": 17,
    "fields": {
      "created_at": "2025-06-18T03:20:00Z",
      "updated_at": "2025-06-18T03:20:00Z",
      "item": 9,
      "image": "portfolio/items/other_images/test-image.jpg",
      "alt_text": "Image 1 for item 9",
      "is_active": true
    }
  },
  {
    "model": "home.itemimage",
    "pk": 18,
    "fields": {
      "created_at": "2025-06-18T03:20:00Z",
      "updated_at": "2025-06-18T03:20:00Z",
      "item": 9,
      "image": "portfolio/items/other_images/test-image.jpg",
      "alt_text": "Image 2 for item 9",
      "is_active": true
    }
  },
  {
    "model": "home.itemimage",
    "pk": 19,
    "fields": {
      "created_at": "2025-06-18T03:20:00Z",
      "updated_at": "2025-06-18T03:20:00Z",
      "item": 10,
      "image": "portfolio/items/other_images/test-image.jpg",
      "alt_text": "Image 1 for item 10",
      "is_active": true
    }
  },
  {
    "model": "home.itemimage",
    "pk": 20,
    "fields": {
      "created_at": "2025-06-18T03:20:00Z",
      "updated_at": "2025-06-18T03:20:00Z",
      "item": 10,
      "image": "portfolio/items/other_images/test-image.jpg",
      "alt_text": "Image 2 for item 10",
      "is_active": true
    }
  },
  {
    "model": "home.itemimage",
    "pk": 21,
    "fields": {
      "created_at": "2025-06-18T03:20:00Z",
      "updated_at": "2025-06-18T03:20:00Z",
      "item": 11,
      "image": "portfolio/items/other_images/test-image.jpg",
      "alt_text": "Image 1 for item 11",
      "is_active": true
    }
  },
  {
    "model": "home.itemimage",
    "pk": 22,
    "fields": {
      "created_at": "2025-06-18T03:20:00Z",
      "updated_at": "2025-06-18T03:20:00Z",
      "item": 11,
      "image": "portfolio/items/other_images/test-image.jpg",
      "alt_text": "Image 2 for item 11",
      "is_active": true
    }
  },
  {
    "model": "home.itemimage",
    "pk": 23,
    "fields": {
      "created_at": "2025-06-18T03:20:00Z",
      "updated_at": "2025-06-18T03:20:00Z",
      "item": 12,
      "image": "portfolio/items/other_images/test-image.jpg",
      "alt_text": "Image 1 for item 12",
      "is_active": true
    }
  },
  {
    "model": "home.itemimage",
    "pk": 24,
    "fields": {
      "created_at": "2025-06-18T03:20:00Z",
      "updated_at": "2025-06-18T03:20:00Z",
      "item": 12,
      "image": "portfolio/items/other_images/test-image.jpg",
      "alt_text": "Image 2 for item 12",
      "is_active": true
    }
  },
  {
    "model": "home.itemimage",
    "pk": 25,
    "fields": {
      "created_at": "2025-06-18T03:20:00Z",
      "updated_at": "2025-06-18T03:20:00Z",
      "item": 13,
      "image": "portfolio/items/other_images/test-image.jpg",
      "alt_text": "Image 1 for item 13",
      "is_active": true
    }
  },
  {
    "model": "home.itemimage",
    "pk": 26,
    "fields": {
      "created_at": "2025-06-18T03:20:00Z",
      "updated_at": "2025-06-18T03:20:00Z",
      "item": 13,
      "image": "portfolio/items/other_images/test-image.jpg",
      "alt_text": "Image 2 for item 13",
      "is_active": true
    }
  },
  {
    "model": "home.itemimage",
    "pk": 27,
    "fields": {
      "created_at": "2025-06-18T03:20:00Z",
      "updated_at": "2025-06-18T03:20:00Z",
      "item": 14,
      "image": "portfolio/items/other_images/test-image.jpg",
      "alt_text": "Image 1 for item 14",
      "is_active": true
    }
  },
  {
    "model": "home.itemimage",
    "pk": 28,
    "fields": {
      "created_at": "2025-06-18T03:20:00Z",
      "updated_at": "2025-06-18T03:20:00Z",
      "item": 14,
      "image": "portfolio/items/other_images/test-image.jpg",
      "alt_text": "Image 2 for item 14",
      "is_active": true
    }
  },
  {
    "model": "home.itemimage",
    "pk": 29,
    "fields": {
      "created_at": "2025-06-18T03:20:00Z",
      "updated_at": "2025-06-18T03:20:00Z",
      "item": 15,
      "image": "portfolio/items/other_images/test-image.jpg",
      "alt_text": "Image 1 for item 15",
      "is_active": true
    }
  },
  {
    "model": "home.itemimage",
    "pk": 30,
    "fields": {
      "created_at": "2025-06-18T03:20:00Z",
      "updated_at": "2025-06-18T03:20:00Z",
      "item": 15,
      "image": "portfolio/items/other_images/test-image.jpg",
      "alt_text": "Image 2 for item 15",
      "is_active": true
    }
  },
  {
    "model": "home.itemimage",
    "pk": 31,
    "fields": {
      "created_at": "2025-06-18T03:20:00Z",
      "updated_at": "2025-06-18T03:20:00Z",
      "item": 16,
      "image": "portfolio/items/other_images/test-image.jpg",
      "alt_text": "Image 1 for item 16",
      "is_active": true
    }
  },
  {
    "model": "home.itemimage",
    "pk": 32,
    "fields": {
      "created_at": "2025-06-18T03:20:00Z",
      "updated_at": "2025-06-18T03:20:00Z",
      "item": 16,
      "image": "portfolio/items/other_images/test-image.jpg",
      "alt_text": "Image 2 for item 16",
      "is_active": true
    }
  },
  {
    "model": "home.itemimage",
    "pk": 33,
    "fields": {
      "created_at": "2025-06-18T03:20:00Z",
      "updated_at": "2025-06-18T03:20:00Z",
      "item": 17,
      "image": "portfolio/items/other_images/test-image.jpg",
      "alt_text": "Image 1 for item 17",
      "is_active": true
    }
  },
  {
    "model": "home.itemimage",
    "pk": 34,
    "fields": {
      "created_at": "2025-06-18T03:20:00Z",
      "updated_at": "2025-06-18T03:20:00Z",
      "item": 17,
      "image": "portfolio/items/other_images/test-image.jpg",
      "alt_text": "Image 2 for item 17",
      "is_active": true
    }
  },
  {
    "model": "home.itemimage",
    "pk": 35,
    "fields": {
      "created_at": "2025-06-18T03:20:00Z",
      "updated_at": "2025-06-18T03:20:00Z",
      "item": 18,
      "image": "portfolio/items/other_images/test-image.jpg",
      "alt_text": "Image 1 for item 18",
      "is_active": true
    }
  },
  {
    "model": "home.itemimage",
    "pk": 36,
    "fields": {
      "created_at": "2025-06-18T03:20:00Z",
      "updated_at": "2025-06-18T03:20:00Z",
      "item": 18,
      "image": "portfolio/items/other_images/test-image.jpg",
      "alt_text": "Image 2 for item 18",
      "is_active": true
    }
  },
  {
    "model": "home.itemimage",
    "pk": 37,
    "fields": {
      "created_at": "2025-06-18T03:20:00Z",
      "updated_at": "2025-06-18T03:20:00Z",
      "item": 19,
      "image": "portfolio/items/other_images/test-image.jpg",
      "alt_text": "Image 1 for item 19",
      "is_active": true
    }
  },
  {
    "model": "home.itemimage",
    "pk": 38,
    "fields": {
      "created_at": "2025-06-18T03:20:00Z",
      "updated_at": "2025-06-18T03:20:00Z",
      "item": 19,
      "image": "portfolio/items/other_images/test-image.jpg",
      "alt_text": "Image 2 for item 19",
      "is_active": true
    }
  },
  {
    "model": "home.itemimage",
    "pk": 39,
    "fields": {
      "created_at": "2025-06-18T03:20:00Z",
      "updated_at": "2025-06-18T03:20:00Z",
      "item": 20,
      "image": "portfolio/items/other_images/test-image.jpg",
      "alt_text": "Image 1 for item 20",
      "is_active": true
    }
  },
  {
    "model": "home.itemimage",
    "pk": 40,
    "fields": {
      "created_at": "2025-06-18T03:20:00Z",
      "updated_at": "2025-06-18T03:20:00Z",
      "item": 20,
      "image": "portfolio/items/other_images/test-image.jpg",
      "alt_text": "Image 2 for item 20",
      "is_active": true
    }
  }
]